year,engine_name,cylinders,bore_mm,stroke_mm,displacement_cm3,compression_ratio,con_rod_length_mm,con_rod_to_stroke_ratio,intake_valve_dia_mm,intake_valve_lift_mm,exhaust_valve_dia_mm,exhaust_valve_lift_mm,intake_duration_deg,exhaust_duration_deg,LSA_deg,advance_deg,source_file
1915,Northway-Oakland 41 @ 2500,6,71.4375,120.65,2901.4892,4.5,241.3,2,31.75,7.9375,31.75,7.9375,198.5,230,112.12,-4.62,20s/oakland_177_i6.mr
1919,Cleveland 40 40 @ 2000,6,76.2,114.3,3127.4999,4.7,241.3,2.1111,33.3375,7.9375,33.3375,7.9375,208,240,113,-3,20s/cleveland_191_i6.mr
1920,Allen 43,4,88.9,127,3153.2406,4.25,269.875,2.125,41.275,7.9375,41.275,7.9375,214,238,113,-4,20s/allen_192_i4.mr
1920,Anderson 30 (Continental 7R) 55 @ 2600,6,82.55,114.3,3670.4686,4.456,266.7,2.3333,41.275,7.9375,41.275,7.9375,208,228,111,-5,20s/continental_7r_224_i6.mr
1920,Daniels D-19 90 @ 2000,8,88.9,133.35,6621.8053,4.7,292.1,2.1905,42.8625,6.35,42.8625,6.35,220,235,113.75,-6.25,20s/daniels_404_v8.mr
1920,Falls R/R1/T8000,6,79.375,107.95,3205.0238,4.791,206.375,1.9118,34.1313,7.1437,34.1313,7.1437,209,235,112.5,-5,20s/falls_196_i6.mr
1920,Holmes 40 @,6,88.9,107.95,4020.3818,4.5,228.6,2.1176,41.275,7.9375,41.275,7.9375,198,245,110.75,-3.25,20s/holmes_245_i6.mr
1920,Hupmobile R 35 @,4,82.55,139.7,2990.7522,4,301.625,2.1591,41.275,7.9375,41.275,7.9375,212,236,112,-6,20s/hupmobile_183_i4.mr
1920,Kissel 61 @ 2300,6,84.1375,139.7,4660.3308,4.5,254,1.8182,46.0375,7.9375,46.0375,7.9375,210,230,110,0,20s/kissel_284_i6.mr
1920,LaFayette 95 @ 4000,8,82.55,133.35,5709.6179,4,323.85,2.4286,44.45,9.525,44.45,9.525,226,226,113,0,20s/lafayette_348_v8.mr
1920,Liberty 10-C 52 @ 2450,6,79.375,127,3770.6162,4.5,254,2,38.1,7.9375,38.1,7.9375,212,231,111.75,-2.25,20s/liberty_230_i6.mr
1920,Liberty 70 @ 2400,6,79.375,127,3770.6162,4.651,254,2,38.1,7.9375,38.1,7.9375,212,231,111.75,-2.25,20s/wisc_lib.mr
1920,Mercer Series 5 72 @,4,95.25,171.45,4886.7186,4,365.125,2.1296,60.325,9.525,60.325,9.525,212,236,112,-6,20s/mercer_298_i4.mr
1920,Monroe S-9 43.7 @,4,82.55,114.3,2446.9791,4,215.9,1.8889,44.45,9.525,44.45,9.525,224,234,114.5,-2.5,20s/monroe_149_i4.mr
1920,National BB 71 @ 2600,6,88.9,133.35,4966.354,4.25,292.1,2.1905,47.625,9.525,47.625,9.525,228,239,115.25,-5.75,20s/national_303_i6.mr
1920,Packard 1-16 52 @ 2400,6,85.725,114.3,3958.2421,4.76,247.65,2.1667,38.1,8.7312,38.1,8.7312,213,231,113.5,-2,20s/packard_242_i6.mr
1920,Stephens 80 57 @ 2600,6,82.55,114.3,3670.4686,4.5,215.9,1.8889,44.45,9.525,44.45,9.525,224,234,114.5,-2.5,20s/stephens_224_i6.mr
1921,Haynes (1915 Light Six 289 CI 55 @ 2000),6,88.9,127,4729.861,4.5,260.35,2.05,39.6875,7.9375,39.6875,7.9375,210,229,111.25,1.25,20s/haynes_289_i6.mr
1921,Haynes 75 @ 2600,6,88.9,131.7625,4907.2307,4.5,279.4,2.1205,44.45,8.7312,44.45,8.7312,216,236,114,-2,20s/haynes_299_i6.mr
1921,Herschell-Spillman 11000 58 @ 2050,6,82.55,127,4078.2985,4.345,279.4,2.2,36.5125,7.9375,36.5125,7.9375,212,233,111.25,-2.75,20s/hs_249_i6.mr
1921,Mitchell F-50 52.4 @ 2060,6,88.9,127,4729.861,4,266.7,2.1,41.275,6.985,41.275,6.985,205,225,110.5,-2,20s/mitchell_289_i6.mr
1921,Nash Four,4,82.55,127,2718.8657,4,292.1,2.3,44.45,9.1281,44.45,9.1281,220,230,112.5,-2.5,20s/nash_166_i4.mr
1921,Oldsmobile 43-A (Chevrolet FA) 36 @ 1900,4,93.6625,133.35,3675.1442,4.3,254,1.9048,38.1,7.1437,38.1,7.1437,233,236,112.25,-5.75,20s/oldsmobile_224_i4.mr
1921,Oldsmobile 47 58 @ 2000,8,73.025,114.3,3829.7395,4.5,254,2.2222,28.575,8.7312,28.575,8.7312,203,235,112,-4.5,20s/oldsmobile_234_v8.mr
1921,Paige 6-42 45 @ 2800,6,79.375,127,3770.6162,5,266.7,2.1,39.6875,7.8486,39.6875,7.9756,215,235,115,-7.5,20s/paige_230_i6.mr
1921,Rochester-Duesenberg G-1 85 @ 2600,4,107.95,152.4,5579.3054,4,304.8,2,55.5625,12.3031,55.5625,12.3031,225,240,108.75,-3.75,20s/duesenberg_340_i4.mr
1922,Ansted C/D 66 @ 2800,6,82.55,114.3,3670.4686,4.55,215.9,1.8889,44.45,9.525,44.45,9.525,226,240,116.5,-6.5,20s/ansted_224_i6.mr
1922,Buick 34-37 37 @ 2000,4,85.725,120.65,2785.4296,4,304.8,2.5263,47.625,8.3344,41.275,7.9375,203,242.2,117.79,-5.88,20s/buick_170_i4.mr
1922,Buick 44-48 58 @ 2200,6,85.725,114.3,3958.2421,4,223.837,1.9583,41.275,8.3344,31.75,7.9375,203,242.2,117.79,-5.88,20s/buick_242_i6.mr
1923,Ace F ; Saxon 125,4,88.9,127,3153.2406,4.272,279.4,2.2,41.275,7.9375,41.275,7.9375,235,232,112.75,2.25,20s/gray_beall_192_i4.mr
1923,Ambassador R ; Case W ; Crawford 22-60 ; Ogren 70 @ 2400,6,92.075,133.35,5327.4282,4.4,279.4,2.0952,46.0375,7.9375,46.0375,7.9375,191.5,230.9,110.39,-3.26,20s/continental_6t_325_i6.mr
1923,Chevrolet Copper Cooled 22 @ 1750,4,88.9,88.9,2207.2684,4,173.037,1.9464,38.1,7.1437,38.1,7.1437,233,236,112.25,-5.75,20s/chevrolet_135_i4.mr
1923,Columbia Light 6 ; Davis 71 ; Moon 6-40,6,79.375,107.95,3205.0238,4.55,209.55,1.9412,38.1,7.9375,38.1,7.9375,205,230,111.25,-1.25,20s/continental_6y_196_i6.mr
1923,Essex 50 @ ?,4,85.725,127,2932.0312,4.5,298.45,2.35,52.3875,7.9375,52.3875,8.255,215,243,114,-0.5,20s/essex_179_i4.mr
1923,Flint ; 1928 Kleiber (Continental 6E ; 15S) 70 @ 2500 ; 80 @ 3000,6,85.725,127,4398.0467,4.55,266.7,2.1,41.275,7.9375,41.275,7.9375,205,230,111.25,-1.25,20s/continental_6e_268_i6.mr
1923,Midwest 610 70 @ 3000,6,85.725,127,4398.0467,4.4,292.1,2.3,39.6875,10.3187,39.6875,10.3187,208,228,111,-5,20s/midwest_268_i6.mr
1923,Oldsmobile 42 @ 2700,6,69.85,120.65,2773.9669,4.55,215.9,1.7895,34.925,6.35,34.925,6.35,225,225,113.5,-4,20s/oldsmobile_169_i6.mr
1923,Packard 358 84 HP @ 3000,8,85.725,127,5864.0623,4.51,254,2,41.275,8.7312,38.1,8.7312,215,235,115,-2.5,20s/packard_358_i8.mr
1923,Stutz Speedway Six 80 @ 3100 Motor Age  1923-12-27: Vol 44 Iss 26,6,88.9,127,4729.861,4.45,304.8,2.4,43.6563,9.525,43.6563,9.525,215,230,113.75,-3.75,20s/stutz_289_i6.mr
1923,Velie Model 58 45 @ 2500,6,79.375,107.95,3205.0238,4.7,206.375,1.9118,33.3375,7.9375,33.3375,7.9375,220,230,113.5,-3.5,20s/velie_196_i6.mr
1924,Excelsior 93 @ 2500,8,85.725,114.3,5277.6561,4.65,234.95,2.0556,39.6875,8.7312,39.6875,8.7312,217,233,112.5,-4,20s/excelsior_322_i8.mr
1924,Falls 61 @ 3000,8,79.375,107.95,4273.365,4.547,206.375,1.9118,34.0614,7.1437,34.0614,7.1437,216,229,116.25,-1.75,20s/falls_261_i8.mr
1924,Isotta Fraschini Tipo 8A 115 @ 2400,8,95,130,7371.7472,5.5,276,2.1231,40,9,40,9,225,235,112.5,-5,20s/if_8a_450_i8.mr
1924,Templar 69 @ 2400,6,88.9,127,4729.861,4.35,279.4,2.2,45.2437,7.9375,41.275,7.9375,217,233,112.5,-4,20s/templar_289_i6.mr
1924,Velie Model 58 50 @ 2500,6,80.9625,107.95,3334.5067,4.7,206.375,1.9118,33.3375,7.9375,33.3375,7.9375,220,230,113.5,-3.5,20s/velie_203_i6.mr
1924,Wills Sainte Claire B/C-68 65 @ 2700,8,82.55,101.6,4350.185,4.1,203.2,2,38.1,7.9375,33.3375,7.9375,205,225,110,-2.5,20s/wills_ste_claire_265_v8.mr
1924,"Wisconsin Z 53 @ 1000 , 77 @ 1500 , 95 @ 2000 , 105 @ 2400",6,114.3,127,7818.7498,4.5,266.7,2.1,52.3875,9.525,52.3875,9.525,235,230,116.25,-6.25,20s/wisconsin_z_477_i6.mr
1925,Case X (Continental 8R) also Westcott A-44 H-60 56 @ 2300,6,85.725,114.3,3958.2421,4.2,266.7,2.3333,38.1,7.9375,38.1,7.9375,208,228,111,-5,20s/continental_8r_242_i6.mr
1925,Chevrolet Superior K 26 @ 2000,4,93.6625,101.6,2800.1099,4.3,187.325,1.8438,33.3375,7.1437,33.3375,7.1437,216,236,113,-11,20s/chevrolet_171_i4.mr
1925,Cleveland Six 31 45 @ 2500,6,73.025,107.95,2712.7321,4.7,215.9,2,31.75,7.9375,31.75,7.9375,234,249,111.75,-3.25,20s/cleveland_166_i6.mr
1925,DuPont D ; McFarlan SV (Wisconsin Y) 75 @ 3000,6,85.725,127,4398.0467,4.8,304.8,2.4,38.1,9.525,38.1,9.525,225,230,106.25,-1.25,20s/wisconsin_y_268_i6.mr
1925,Elcar 4-55 (Lycoming CF) 42 @ 2200,4,92.075,127,3382.4941,4.1,304.8,2.4,41.275,8.7312,41.275,8.7312,215,227,108,0.5,20s/lycoming_cf_206_i4.mr
1925,Hupmobile A 50 @ 3000,6,79.375,107.95,3205.0238,4.8,222.25,2.0588,34.925,7.9375,34.925,7.9375,227,227,115.5,-2,20s/hupmobile_196_i6.mr
1925,Hupmobile E-1 63 @ 2700,8,73.025,120.65,4042.5028,4.8,241.3,2,31.75,7.9375,30.1625,7.9375,227,227,115.5,-2,20s/hupmobile_247_i8.mr
1925,Jewett 23-25 63 @ 2800,6,82.55,127,4078.2985,4.6,266.7,2.1,39.6875,7.9375,39.6875,7.9375,220,230,107.5,-2.5,20s/jewett_249_i6.mr
1925,Jordan J (Continental 8S) 64 @ 3000,8,73.025,120.65,4042.5028,4.65,247.65,2.0526,38.1,7.9375,34.925,7.9375,212,228,110,-4,20s/continental_8s_247_i8.mr
1925,Lexington Concord (Ansted M) 65 @ 3000,6,84.1375,114.3,3812.9979,4.5,215.9,1.8889,44.45,11.1125,44.45,11.1125,226,240,116.5,-6.5,20s/ansted_233_i6.mr
1925,Lexington Minute Man (Ansted F) 73 @ 3000,6,84.1375,133.35,4448.4976,4.5,233.362,1.75,44.45,11.1125,44.45,11.1125,226,240,116.5,-6.5,20s/ansted_271_i6.mr
1925,Locomobile 90 86 @ 2800,6,98.425,133.35,6087.5844,4.25,296.8625,2.2262,49.2125,9.6825,49.2125,9.4615,230,240,107.5,-7.5,20s/locomobile_371_i6.mr
1925,Locomobile Junior Eight 66 @ 3000,8,71.4375,101.6,3257.8124,4.65,203.2,2,35.7188,6.9469,35.7188,6.9469,216,216,108,0,20s/locomobile_199_i8.mr
1925,Locomobile M48 103 @ 2100,6,114.3,139.7,8600.6247,4,304.8,2.1818,58.7375,10.3581,58.7375,10.3581,270,258,111.5,-3.5,20s/locomobile_525_i6.mr
1925,Marmon 74 82 @ 2650,6,95.25,130.175,5565.4295,4.3,258.7625,1.9878,50.8,9.525,50.8,9.525,215,237,110,2.5,20s/marmon_340_i6.mr
1925,Moon A (Continental 7Z) 54 @ 2600,6,79.375,114.3,3393.5546,4.6,209.55,1.8333,38.1,7.9375,38.1,7.9375,222,222,112.5,-2.5,20s/continental_7z_207_i6.mr
1925,Oakland 6-54 44 @ 2600,6,73.025,120.65,3031.8771,5,224.79,1.8632,32.5437,7.1437,32.5437,7.1437,215,230,111.25,-1.25,20s/oakland_185_i6.mr
1925,Rickenbacker E-6 67 @ 3000,6,82.55,120.65,3874.3836,4.7,254,2.1053,42.8625,7.9375,42.8625,7.9375,230,230,112.5,-2.5,20s/rickenbacker_236_i6.mr
1925,Roamer 8-80 (Lycoming 3H) 70 @ 3000,8,80.9625,114.3,4707.5389,4.6,228.6,2,37.3062,7.9375,37.3062,7.9375,215,227,108,0.5,20s/lycoming_3h_287_i8.mr
1925,Rollin G 41 @ 2750,4,82.55,114.3,2446.9791,5,228.6,2,38.1,7.9375,38.1,7.9375,224,228,112.5,-1.5,20s/rollin_149_i4.mr
1925,Studebaker Std Six 50 HP @ 2200,6,85.725,114.3,3958.2421,4.5,254,2.2222,41.275,7.5406,41.275,7.5406,220,230,105,0,20s/studebaker_242_i6.mr
1925,Sunbeam 3L 90 @ 3800,6,75,110,2915.7907,6.4,190,1.7273,47,7.3,47,7.3,206,226,112,-4,20s/sunbeam_178_i6.mr
1925,Wills Sainte Claire W-6 65 @ 3200,6,82.55,139.7,4486.1283,4,279.4,2,38.1,7.9375,33.3375,7.9375,220,230,110,0,20s/wills_ste_claire_274_i6.mr
1926,27 Studebaker Commander GB 75 @ 2400,6,98.425,127,5797.6995,4.25,285.75,2.25,47.625,7.9375,47.625,7.9375,228,228,109,-5,20s/studebaker_354_i6.mr
1926,27 Studebaker EP EQ ES EW 65 @ 2400,6,88.9,127,4729.861,4.5,285.75,2.25,47.625,7.9375,47.625,7.9375,210,238,110.15,-2.15,20s/studebaker_289_i6.mr
1926,Buick Standard Six 75 @ 2800,6,88.9,120.65,4493.3679,4.2,273.05,2.2632,47.625,8.3344,41.275,7.9375,286.7,326.4,118.02,0.16,20s/buick_274_i6.mr
1926,Case Y ; 1924-25 Paige 21-24 (Continental 6J ; 10A) 70 @ 2400 ; 73 @ 2400,6,95.25,127,5429.6873,4.3,279.4,2.2,49.2125,7.9375,49.2125,7.9375,208,228,111,-5,20s/continental_6j_331_i6.mr
1926,Chrysler 60 54 @ 3000,6,76.2,107.95,2953.7499,4.9,241.3,2.2353,33.3375,7.9375,33.3375,7.9375,220,230,111.5,-1.5,20s/chrysler_180_i6_2.mr
1926,Chrysler 80 112 @ 3000,6,92.075,127,5073.7412,6,265.112,2.0875,46.0375,7.9375,49.2125,7.9375,220,234,112.5,-3.5,20s/chrysler_310_i6.mr
1926,Diana 8 (Continental 12Z) 73 @ 2950,8,76.2,107.95,3938.3332,4.66,228.6,2.1176,36.5125,7.9375,33.3375,7.9375,222,222,112.5,-2.5,20s/continental_12z_240_i8.mr
1926,Elcar 6-65 (Lycoming S) 55 HP @ 3000,6,79.375,107.95,3205.0238,4.5,228.6,2.1176,41.275,7.9375,37.3062,7.9375,215,227,108,0.5,20s/lycoming_s_196_i6.mr
1926,Elcar 8-82 ; 1927 Auburn 8-77 ; 1927 Gardner 80 ; 1928 Gardner 75 ; 1928 Elcar 8-78,8,69.85,120.65,3698.6226,4.94,241.3,2,35.7188,8.7312,35.7188,8.7312,225,240,111.25,-1.25,20s/lycoming_gt_226_i8.mr
1926,Gardner 6B (Lycoming 4S / 4SM) 52 @ 2500,6,82.55,114.3,3670.4686,4.5,228.6,2,41.275,7.9375,37.3062,7.9375,215,227,108,0.5,20s/lycoming_4s_224_i6.mr
1926,Marmon Little 64 @ 3200,8,69.85,101.6,3114.6295,5.27,196.85,1.9375,30.1625,8.3344,25.4,8.3344,226,226,107,0,20s/marmon_190_i8.mr
1926,Nash Advanced Six 261 69 @ 2500,6,87.3125,127,4562.4456,4.6,254,2,45.3898,8.8392,45.3898,8.8392,210,235,113.75,-6.25,20s/nash_278_i6.mr
1926,Nash Ajax 40 @ 2400,6,76.2,101.6,2779.9999,4.5,215.9,2.125,31.75,7.9375,31.75,7.9375,220,230,112.5,-2.5,20s/nash_170_i6.mr
1926,Nash Special Six 231 52 @ 2600,6,82.55,114.3,3670.4686,4.69,228.6,2,38.1,8.8392,38.1,8.8392,210,235,113.75,-6.25,20s/nash_224_i6.mr
1926,Oldsmobile 40 @ 2600,6,69.85,120.65,2773.9669,4.7,228.6,1.8947,38.1,7.9375,38.1,7.9375,212,222,109.5,1.5,20s/oldsmobile_169_i6_2.mr
1926,Overland Whippet 30 @ 2800,4,79.375,111.125,2199.5261,4.4,241.3,2.1714,37.3062,7.9375,37.3062,7.9375,220,220,110,0,20s/whippet_134_i4.mr
1926,Paige 6-65 6-75 43 @ 2600,6,73.025,120.65,3031.8771,4.54,228.6,1.8947,34.925,7.9375,31.75,7.9375,222,222,112.5,-2.5,20s/paige_185_i6.mr
1926,Paige 6-65 6-75 63 @ 2800,6,82.55,127,4078.2985,4.68,254,2,39.6875,7.9375,39.6875,7.9375,220,230,107.5,-2.5,20s/paige_249_i6.mr
1926,Pontiac Six 40 @ 2400,6,82.55,95.25,3058.7239,4.6,185.7375,1.95,30.1625,7.1437,30.1625,7.1437,206,222,110.5,0.5,20s/pontiac_187_i6.mr
1926,Star R ; 1928 Durant 55 (Continental 14L) 40 @ 2400,6,69.85,120.65,2773.9669,4.79,228.6,1.8947,34.925,7.9375,31.75,7.9375,222,222,112.5,-2.5,20s/continental_14l_169_i6.mr
1926,Velie Model 60 58 @ 2900,6,80.9625,117.475,3628.7279,4.7,254,2.1622,42.8625,7.9375,39.6875,7.9375,220,230,113.5,-3.5,20s/velie_221_i6.mr
1927,28 Nash Standard Six 45 @ 2600,6,79.375,101.6,3016.493,4.5,209.55,2.0625,35.7188,6.35,35.7188,6.35,220,230,112.5,-2.5,20s/nash_184_i6.mr
1927,Bugatti Type 41 12.8L 280 @ 1800,8,125,130,12762.7202,5,265,2.0385,35,12,52,12,225,240,108.75,-3.75,20s/bugatti_t41_779_i8.mr
1927,Buick Series 115 63 @ 2800,6,79.375,114.3,3393.5546,4.79,254,2.2222,36.5125,8.3344,36.5125,7.9375,286.6,327,117.9,0.1,20s/buick_207_i6.mr
1927,Cadillac 314 80 @ 3000,8,79.375,130.175,5153.1755,4.75,279.4,2.1463,42.8625,8.3344,39.6875,8.3344,262.4,246.4,113.2,0,20s/cadillac_314_v8.mr
1927,Cadillac 341-A V 90 @ 3000,8,84.1375,125.4125,5578.2747,4.9,266.7,2.1266,38.1,9.1281,38.1,9.1281,249.6,225.5,109.48,-4.11,20s/cadillac_341_v8.mr
1927,Chandler Big Six 55 @ 2100,6,88.9,127,4729.861,5,260.35,2.05,43.6563,7.9375,43.6563,7.9375,234,249,111.75,-3.25,20s/chandler_289_i6.mr
1927,Chandler Special Six 43 60 @ 2600,6,79.375,120.65,3582.0854,4.5,260.35,2.1579,38.8937,7.9375,38.8937,7.9375,234,249,111.75,-3.25,20s/chandler_219_i6.mr
1927,Chandler Standard Six 41 45 @ 2600,6,76.2,107.95,2953.7499,4.5,215.9,2,35.7188,7.9375,35.7188,7.9375,247,265.3,109.58,2.08,20s/chandler_180_i6.mr
1927,Chrysler 50 38 @ 2800,4,92.075,104.775,2790.5576,4.1,200.025,1.9091,36.5125,7.1437,36.5125,7.1437,220,230,111.5,1.5,20s/chrysler_170_i4.mr
1927,Chrysler 70 70 @ 3000,6,79.375,120.65,3582.0854,4.8,254,2.1053,36.5125,7.9375,36.5125,7.9375,220,230,111.5,-4.5,20s/chrysler_219_i6.mr
1927,Chrysler 72 75 @ 3000,6,82.55,127,4078.2985,5.1,265.112,2.0875,43.6563,7.9375,40.4812,7.9375,220,230,111.5,-4.5,20s/chrysler_249_i6.mr
1927,Chrysler 80 92 @ 3000,6,88.9,127,4729.861,4.75,276.225,2.175,42.0687,7.9375,42.0687,7.9375,220,230,111.5,-4.5,20s/chrysler_289_i6.mr
1927,Cunningham V7 V8 92 @ 2400,8,95.25,127,7239.5831,4.26,266.7,2.1,47.625,8.7312,47.625,8.7312,226,226,113,-5,20s/cunningham_442_v8.mr
1927,Dodge Fast Four 35 @ 2000,4,98.425,114.3,3478.6197,5,231.775,2.0278,43.6563,8.7312,43.6563,8.7312,223,223,112.5,-2,20s/dodge_212_i4.mr
1927,Dodge Senior Six (Continental 12M),6,82.55,114.3,3670.4686,5,241.3,2.1111,38.1,7.9375,36.5125,7.9375,228,236,113,-1,20s/continental_12m_224_i6.mr
1927,Elcar 6-70 ; 1929 Auburn 6-80 (Lycoming WT ; WS) 52 @ 2900 ; 65 @ 3400,6,73.025,120.65,3031.8771,4.9,241.3,2,38.8937,8.7312,35.7188,8.7312,225,240,111.25,-1.25,20s/lycoming_wt_185_i6.mr
1927,Erskine Six (Continental 8F) 40 @ 3200,6,66.675,114.3,2394.4921,5,228.6,2,34.925,7.9375,31.75,7.9375,220,227,108.25,-1.75,20s/continental_8f_146_i6.mr
1927,Essex Super Six 50 HP @ 4000,6,68.2625,107.95,2370.4356,5.8,211.1375,1.9559,34.925,7.1437,34.925,7.5406,223,243,116,-2.5,20s/essex_145_i6.mr
1927,Franklin 11B 33 @ 2200,6,82.55,101.6,3262.6388,4.43,203.2,2,38.1,8.7312,38.1,7.9375,237,248.5,108.88,-9.62,20s/franklin_199_i6.mr
1927,Jordan AA (Continental 9K) 72 @ 3000,8,76.2,111.125,4054.1665,4.69,276.225,2.4857,41.275,7.9375,38.1,7.9375,208,228,111,-5,20s/continental_9k_247_i8.mr
1927,Jordan JE (Continental 14S) 80 @ 3200,8,76.2,120.65,4401.6665,5.5,247.65,2.0526,38.1,7.9375,34.925,7.9375,212,228,110,-4,20s/continental_14s_269_i8.mr
1927,Jordan R Little Custom Six 62 @ 3000,6,82.55,101.6,3262.6388,5,204.787,2.0156,39.6875,7.9375,36.5125,7.9375,220,225,111.25,-3.75,20s/continental_12e_199_i6.mr
1927,LaSalle 303 80 @ 3000,8,79.375,125.4125,4964.6447,4.8,266.7,2.1266,38.1,9.9219,38.1,9.9219,249.6,225.5,109.48,-4.11,20s/lasalle_303_v8.mr
1927,Lincoln L V8 90 @ 2800,8,85.725,127,5864.0623,4.8,317.5,2.5,44.45,7.9375,44.45,7.9375,228.5,228,112.88,1.12,20s/lincoln_358_v8.mr
1927,Moon 6-60 (Continental 26L) 47 @ 2600,6,73.025,120.65,3031.8771,5,228.6,1.8947,33.3375,7.9375,30.1625,7.9375,222,222,112.5,-2.5,20s/continental_26l_185_i6.mr
1927,Moon 6-72 (Continental 11E ; 15S) 66 @ 3150,6,85.725,101.6,3518.4374,4.94,204.787,2.0156,36.5125,7.9375,33.3375,7.9375,220,230,112.5,-2.5,20s/continental_11e_215_i6.mr
1927,Oldsmobile ? @ 2400,6,73.025,120.65,3031.8771,4.7,228.6,1.8947,34.925,7.1882,34.925,7.1882,220,220,107.5,-2.5,20s/oldsmobile_185_i6.mr
1927,Peerless 6-72 6-90 6-91 70 @ 2500,6,88.9,127,4729.861,4.5,254,2,46.0375,8.7312,46.0375,8.7312,230,230,115,0,20s/peerless_289_i6.mr
1927,Peerless 6-80 (Continental 8U) 63 @ 2600,6,82.55,117.475,3772.4261,4.5,228.6,1.9459,41.275,7.9375,41.275,7.9375,222,222,112.5,-2.5,20s/continental_8u_230_i6.mr
1927,Peerless 8-69 V8 80 @ 2800,8,82.55,127,5437.7313,4.5,279.4,2.2,44.45,9.525,44.45,9.525,227,227,113.5,0,20s/peerless_332_v8.mr
1927,Pierce Arrow 36 100 @ 2600,6,101.6,139.7,6795.5553,4.35,279.4,2,43.6372,8.7312,37.2872,8.7312,230,230,110,0,20s/pierce_arrow_415_i6.mr
1927,Pierce Arrow 80 70 @ 2600,6,88.9,127,4729.861,4.35,266.7,2.1,47.625,8.7312,41.275,8.7312,230,230,112.5,-2.5,20s/pierce_arrow_289_i6.mr
1927,REO Flying Cloud 73 @ 2800,6,82.55,127,4078.2985,5,266.7,2.1,46.0375,7.9375,46.0375,7.9375,220,230,111.5,1.5,20s/reo_249_i6.mr
1927,Rickenbacker 8-80 80 @ 3000,8,76.2,120.65,4401.6665,4.76,254,2.1053,41.275,7.9375,41.275,7.9375,230,230,112.5,-2.5,20s/rickenbacker_268_i8.mr
1927,Rickenbacker 8-90 95 @ 3000,8,82.55,120.65,5165.8447,4.76,254,2.1053,41.275,7.9375,41.275,7.9375,230,230,112.5,-2.5,20s/rickenbacker_315_i8.mr
1927,Stutz AA BB 92 @ 3200,8,82.55,114.3,4893.9582,5,234.95,2.0556,40.4812,8.7312,40.4812,8.7312,220,236,114,-6,20s/stutz_299_i8.mr
1928,Auburn 77,8,73.025,120.65,4042.5028,5.05,241.3,2,34.925,8.7312,31.75,8.7312,225,240,111.25,-1.25,20s/lycoming_gs_247_i8.mr
1928,Chandler 31A 55 @ 3000,6,79.375,107.95,3205.0238,5,215.9,2,37.3062,7.9375,37.3062,7.9375,247,265.3,109.58,2.08,20s/chandler_196_i6.mr
1928,Chandler 37A 80 @ 3000,8,80.9625,120.65,4969.0689,5,254,2.1053,43.6563,7.9375,40.4812,7.9375,247,265.3,109.58,2.08,20s/chandler_303_i8.mr
1928,Chrysler 180 54 HP @ 3000,6,76.2,107.95,2953.7499,5.2,241.3,2.2353,33.3375,7.9375,33.3375,7.9375,220,230,111.5,-4.5,20s/chrysler_180_i6.mr
1928,Dodge Victory Six 58 @ 3000,6,85.725,98.425,3408.4862,5.18,203.2,2.0645,42.0687,7.9375,38.8937,7.9375,228,236,113,-1,20s/dodge_208_i6.mr
1928,Durant 65 (Continental 15L ; 26L) 47 @ 2800,6,73.025,120.65,3031.8771,5.4,228.6,1.8947,36.5125,7.9375,33.3375,7.9375,222,222,112.5,-2.5,20s/continental_15l_185_i6.mr
1928,Durant Star Four M2 36 @ 2400,4,85.725,107.95,2492.2265,4.7,203.2,1.8824,38.1,7.9375,38.1,7.9375,222,222,112.5,-2.5,20s/continental_152_i4.mr
1928,Erskine Six 51 (Continental 9F) 42 @ 3100,6,69.85,114.3,2627.9687,5,228.6,2,34.925,7.9375,31.75,7.9375,215,237,109.5,-3,20s/continental_9f_160_i6.mr
1928,Franklin 12 46 @ 2500,6,82.55,120.65,3874.3836,4.43,241.3,2,39.6875,7.9375,38.1,7.9375,237,248.5,108.88,-9.62,20s/franklin_236_i6.mr
1928,Graham-Paige 610 52 @ 3100,6,73.025,114.3,2872.3046,5.43,234.95,2.0556,35.7188,8.6614,34.1313,8.6614,220,230,107.5,-2.5,20s/graham_paige_175_i6.mr
1928,Graham-Paige 614 71 @ 3200,6,79.375,114.3,3393.5546,5.41,234.95,2.0556,39.6875,8.0772,37.3062,8.3058,220,230,107.5,-2.5,20s/graham_paige_207_i6.mr
1928,Graham-Paige 619/629 97 @ 3200,6,88.9,127,4729.861,5.15,266.7,2.1,42.8625,8.7312,41.275,8.7312,225,240,111.25,-1.25,20s/graham_paige_289_i6.mr
1928,Graham-Paige 835 120 @ 3200,8,85.725,114.3,5277.6561,5.54,228.6,2,41.275,9.398,39.6875,9.398,225,225,112.5,-2,20s/graham_paige_322_i8.mr
1928,Hudson Essex Super Six 153 55 HP @ 4000,6,68.2625,114.3,2509.873,5.8,207.9625,1.8194,34.925,7.1437,34.925,7.5406,237,243,112.5,1,20s/hudson_153_i6.mr
1928,Hudson Super Six 288 92 HP @ 3200,6,88.9,127,4729.861,5.8,295.275,2.325,51.5938,7.1437,46.8312,5.9531,229,243,110.5,3,20s/hudson_289_i6.mr
1928,Hupmobile A-6 57 @ 3100,6,82.55,107.95,3466.5537,4.8,222.25,2.0588,38.1,7.9375,38.1,7.9375,227,227,115.5,-2,20s/hupmobile_211_i6.mr
1928,Hupmobile Century Eight,8,76.2,120.65,4401.6665,5,241.3,2,37.3062,8.7312,37.3062,8.7312,227,227,115.5,-2,20s/hupmobile_269_i8.mr
1928,Jordan Cross Country Six,6,85.725,117.475,4068.1932,5.06,228.6,1.9459,41.275,7.9375,41.275,7.9375,220,225,111.25,-3.75,20s/continental_15u_248_i6.mr
1928,Lancia Dilambda 1928 100HP @3900,8,79.375,100,3958.6522,5.25,240,2.4,38,8.9,38,8.9,225,250,103.75,1.25,20s/lancia_dilambda_242_v8.mr
1928,Marmon 68 72 @ 3200,8,69.85,107.95,3309.2939,5.25,215.9,2,37.3062,8.3344,34.1313,8.3344,226,226,107,0,20s/marmon_202_i8.mr
1928,Marmon 78 86 @ 3400,8,74.6125,101.6,3553.8309,5.5,196.85,1.9375,36.9094,8.3344,32.1469,8.3344,226,226,107,0,20s/marmon_217_i8.mr
1928,Mercedes-Benz SS 27/140 140 @ ?,6,100,150,7068.5835,5.2,311,2.0733,52,10,48,10,250,245,103.8,-1.2,20s/mercedes_m06_431_i6.mr
1928,Moon 86 (cont ?) @ 3200,8,76.2,120.65,4401.6665,5,247.65,2.0526,34.925,7.9375,31.75,7.9375,212,228,110,-4,20s/continental_269_i8_2.mr
1928,Oakland All-American 6-212 60 @ 2800,6,82.55,107.95,3466.5537,4.8,236.934,2.1948,41.275,7.1437,38.1,7.1437,215,230,111.25,-1.25,20s/oakland_211_i6.mr
1928,Oldsmobile F-28 55 @ 2700,6,80.9625,104.775,3236.433,5,228.6,2.1818,37.3062,7.9375,35.7188,7.9375,230,230,110,-5,20s/oldsmobile_198_i6.mr
1928,Pierce Arrow 81 75 @ 3000,6,88.9,127,4729.861,4.65,266.7,2.1,44.45,8.7312,38.1,8.7312,264,264,112.5,-2.5,20s/pierce_arrow_289_i6_2.mr
1928,Studebaker President FA 100 @ 3000,8,85.725,111.125,5131.0545,4.7,234.1562,2.1071,42.0687,8.7312,39.6875,8.7312,220,232,109.5,-5.5,20s/studebaker_313_i8.mr
1928,Whippet Model 98 50 @ 3200,6,79.375,98.425,2922.2276,4.44,238.125,2.4194,37.3062,7.9375,37.3062,7.9375,212,220,110.5,-2.5,20s/whippet_178_i6.mr
1929,Blackhawk 85 @ 3200,6,85.725,114.3,3958.2421,5.25,234.95,2.0556,42.0687,8.7312,42.0687,8.7312,220,236,114,-3,20s/blackhawk_242_i6.mr
1929,Buick 116 74 @ 2800,6,84.1375,117.475,3918.9145,4.3,254,2.1622,39.6875,8.3344,39.6875,8.3344,220,250,108.5,-3.5,20s/buick_239_i6.mr
1929,Buick 121 91 @ 2800,6,92.075,127,5073.7412,4.3,285.75,2.25,47.625,8.3344,39.6875,8.3344,210.1,250.4,115.12,-10.32,20s/buick_310_i6.mr
1929,Chandler 75 80 @ 3200,8,76.2,114.3,4169.9999,5,241.3,2.1111,37.3062,7.9375,35.7188,7.9375,209,236,109.25,4.75,20s/chandler_255_i8.mr
1929,Chandler 85 95 @ 3000,8,85.725,120.65,5570.8592,5,254,2.1053,43.6563,7.9375,40.4812,7.9375,215,223.3,107.08,-0.42,20s/chandler_340_i8.mr
1929,Chandler Big Six 83 @ 2600,6,95.25,127,5429.6873,5,254,2,43.6563,7.9375,43.6563,7.9375,214,234,109.5,2.5,20s/chandler_331_i6.mr
1929,Chevrolet Intl 46 @ 2600,6,84.1375,95.25,3177.4983,5.017,177.8,1.8667,35.7188,7.0358,35.7188,7.0358,218,231,112.25,-0.75,20s/chevrolet_194_i6.mr
1929,Chrysler 65 65 @ 3200,6,79.375,107.95,3205.0238,5.2,241.3,2.2353,37.3062,7.9375,37.3062,7.9375,220,230,111.5,-4.5,20s/chrysler_196_i6.mr
1929,DeSoto 175 55 @ 3000,6,76.2,104.775,2866.8749,5.2,227.012,2.1667,37.3062,7.9375,37.3062,7.9375,220,230,111.5,-4.5,20s/desoto_175_i6.mr
1929,Dodge Senior Six (Continental 12M) 78 @ 3000,6,85.725,114.3,3958.2421,5.5,241.3,2.1111,42.0687,8.128,40.4812,8.128,228,236,113,-1,20s/dodge_242_i6.mr
1929,DuPont G 114 @ 3200,8,85.725,114.3,5277.6561,5.3,228.6,2,38.1,9.398,34.925,9.398,225,225,112.5,-5,20s/continental_13k_322_i8.mr
1929,Ford A 40 @ 2200,4,98.425,107.95,3285.363,4.2,190.5,1.7647,38.1,7.2898,38.1,7.2898,235,232,112.8,2.2,20s/ford_a_201_i4.mr
1929,Franklin 12 95 @ 3100,6,88.9,120.65,4493.3679,5.3,241.3,2,39.6875,7.9375,38.1,7.9375,237,248.5,108.88,-9.62,20s/franklin_274_i6.mr
1929,Graham-Paige 612 62 @ 3200,6,76.2,114.3,3127.4999,5.57,234.95,2.0556,39.6875,7.9375,37.3062,8.0645,220,230,107.5,-2.5,20s/graham_paige_191_i6.mr
1929,Graham-Paige 615 76 @ 3200,6,82.55,114.3,3670.4686,5.51,234.95,2.0556,39.6875,7.9375,37.3062,8.0645,220,230,107.5,-2.5,20s/graham_paige_224_i6.mr
1929,Hudson Essex Super Six 160 60 HP @ 3800,6,69.85,114.3,2627.9687,5.8,207.9625,1.8194,34.925,7.9375,34.925,8.3344,237,243,112.5,1,20s/hudson_160_i6.mr
1929,LaSalle 328 86 @ 3000,8,82.55,125.4125,5369.7597,4.8,266.7,2.1266,38.1,9.9219,38.1,9.9219,248,231,112.5,-2,20s/lasalle_328_v8.mr
1929,Packard Straight 12 160 HP @ 3000,12,88.9,127,9459.7219,6,276.225,2.175,46.0375,9.0932,42.8625,9.0932,265,265,112.5,0,20s/packard_577_i12.mr
1929,Plymouth Q 45 @ 2800,4,92.075,104.775,2790.5576,4.6,217.4875,2.0758,43.6563,7.1437,40.4812,7.1437,220,232,114,-1,20s/plymouth_170_i4.mr
1929,R-R Phantom II 100 @ 2250,6,107.95,139.7,7671.5449,4.5,279.4,2,48.26,10.795,48.26,10.795,196,216,109,-3,20s/rr_phantom_468_i6.mr
1929,Whippet 96-A 40 @ 3200,4,79.375,120.65,2388.0569,5.1,233.3625,1.9342,37.3062,7.9375,37.3062,7.9375,212,220,110.5,-2.5,20s/whippet_146_i4.mr
1929,"Я-7, Я-7Д (Continental 21R) 112 @ 2400 ; 102 @ 2400",6,111.125,120.65,7020.8874,4.24,241.3,2,50.8,10.3187,50.8,10.3187,225,240,111.25,-1.25,20s/continental_21r_428_i6.mr
1932,Cord L-29,8,82.55,114.3,4893.9582,5.25,228.6,2,41.275,8.7312,37.3062,8.7312,225,240,111.25,-1.25,20s/lycoming_4h_299_i8.mr
2023,Created by oror 2023,8,73.025,127,4255.2661,5,247.65,1.95,38.1,8.7312,38.1,8.7312,225,240,113.2,0.8,20s/duesenberg_260_i8.mr
2024,Created by oror 2024,2,84,105,1163.7716,4.5,210,2,67,10,67,10,230,230,105,0,20s/nami_71_v2.mr
